Weight,usd,Source,Target
655.3,3439.538,ARG,AUS
100.624,1000.628,ARG,AUT
1240.068,5401.567,ARG,BEL
26115.997,89928.519,ARG,BRA
10447.175,56455.459,ARG,CAN
2538.018,17035.386,ARG,CHN
417.508,1735.111,ARG,CZE
2813.678,7607.503,ARG,DNK
1070.954,3697.895,ARG,FIN
2923.2000000000003,19562.219999999998,ARG,FRA
5510.318,14874.552,ARG,DEU
2891.627,10210.729,ARG,IRL
240.68,1136.297,ARG,ITA
336.414,330.166,ARG,CIV
1772.946,8466.177,ARG,JPN
1267.6460000000002,8227.716,ARG,KOR
138.35,417.621,ARG,LTU
16882.637,30834.55,ARG,MEX
5204.997,23425.81,ARG,NLD
911.402,4588.986,ARG,NOR
1266.539,4339.950000000001,ARG,POL
3354.6420000000003,9190.812,ARG,SWE
2154.192,13103.464,ARG,CHE
316.329,1446.688,ARG,UKR
47839.587,130426.787,ARG,GBR
42314.795,212983.68500000003,ARG,USA
366.999,2337.556,AUS,AUT
11497.072,13709.87,AUS,BEL
445.32899999999995,1679.589,AUS,BRA
73407.459,117982.27,AUS,CAN
1494.356,7170.5830000000005,AUS,CHN
387.508,1755.427,AUS,CZE
23460.691,43106.262,AUS,DNK
6542.486,14399.104000000001,AUS,FIN
7291.461,14676.086,AUS,FRA
22612.858,34955.697,AUS,DEU
7201.817,31888.194,AUS,IRL
191.669,472.11899999999997,AUS,ITA
11733.699,36548.585,AUS,JPN
3735.959,21067.105,AUS,KOR
440.861,1716.498,AUS,MEX
19793.498,35266.293,AUS,NLD
4254.159,10129.328,AUS,NOR
1016.632,3543.6220000000003,AUS,POL
3943.9170000000004,13260.36,AUS,SWE
1257.43,5187.138,AUS,CHE
478.30699999999996,1844.116,AUS,UKR
188471.63,268389.36699999997,AUS,GBR
140105.565,287123.362,AUS,USA
369.799,4967.998,CAN,CHN
108.47500000000001,866.351,CAN,POL
225165.77000000002,71560.927,CAN,USA
556.711,2990.562,CHL,AUS
160.852,834.359,CHL,AUT
7370.512,17744.769,CHL,BEL
53698.700999999994,176099.65,CHL,BRA
20848.078999999998,63695.96200000001,CHL,CAN
94304.537,206699.537,CHL,CHN
1931.002,7619.353999999999,CHL,CZE
12587.87,28569.913,CHL,DNK
7146.95,16646.947,CHL,FIN
14603.079,49165.381,CHL,FRA
24218.712,42688.339,CHL,DEU
10301.020999999999,43730.920999999995,CHL,IRL
1530.03,1467.627,CHL,ITA
53051.523,133087.482,CHL,JPN
10227.196,43493.95,CHL,KOR
1035.149,3154.322,CHL,LTU
22117.351,58559.301999999996,CHL,MEX
16198.428,65339.525,CHL,NLD
5449.759,10313.596,CHL,NOR
4430.779,14976.832,CHL,POL
4528.549,16692.32,CHL,RUS
7459.381,16742.961,CHL,SWE
1436.998,6259.582,CHL,CHE
411.505,1215.979,CHL,UKR
100073.282,183107.698,CHL,GBR
66853.048,157454.334,CHL,USA
19902.033,292547.886,FRA,AUS
5317.775,97809.842,FRA,AUT
133145.03999999998,664425.39,FRA,BEL
6284.252,51353.094,FRA,BRA
58590.494999999995,510132.172,FRA,CAN
59138.823,481960.11699999997,FRA,CHN
7403.086,48254.768,FRA,CZE
30000.005,249859.828,FRA,DNK
6581.04,51341.202,FRA,FIN
178260.94100000002,896342.33,FRA,DEU
15668.436000000002,90889.261,FRA,IRL
26678.461,463154.59400000004,FRA,ITA
5647.053,29960.349,FRA,CIV
55111.273,917552.855,FRA,JPN
10100.332,206461.452,FRA,KOR
16251.619,81943.424,FRA,LTU
3573.4179999999997,72079.734,FRA,MEX
110392.47899999999,469979.454,FRA,NLD
21228.06,124026.188,FRA,NOR
18739.354,79621.15,FRA,POL
2819.497,39752.414,FRA,PRT
1788.942,21813.334,FRA,ROU
2979.714,7464.0779999999995,FRA,RUS
797.05,8556.41,FRA,SVK
51328.288,259151.37600000002,FRA,SWE
37624.704,547905.6120000001,FRA,CHE
6900.639999999999,22060.100000000002,FRA,UKR
146956.36299999998,1865516.828,FRA,GBR
166383.313,2486157.532,FRA,USA
892.811,4771.4,DEU,AUS
14358.929999999998,52180.272,DEU,AUT
23341.568,46683.443,DEU,BEL
106.31,751.214,DEU,BRA
3609.8419999999996,18201.964,DEU,CAN
4310.13,24613.894,DEU,CHN
17201.786,43267.774,DEU,CZE
9389.881,44147.312,DEU,DNK
6999.666,21462.948999999997,DEU,FIN
10725.636,38448.708,DEU,FRA
3271.255,15790.329,DEU,IRL
2052.37,9675.364,DEU,ITA
3246.124,20561.822,DEU,JPN
951.193,13863.544,DEU,KOR
7430.871,20847.254,DEU,LTU
443.58299999999997,1817.165,DEU,MEX
82862.52399999999,222351.798,DEU,NLD
8763.367,56115.035,DEU,NOR
27463.934,86426.917,DEU,POL
674.606,3580.296,DEU,PRT
3997.117,11650.766,DEU,ROU
7455.33,20424.355000000003,DEU,RUS
2906.7889999999998,6568.544,DEU,SVK
11188.128999999999,38916.425,DEU,SWE
5391.819,44488.028999999995,DEU,CHE
2708.524,7582.484,DEU,UKR
13646.787,53836.118,DEU,GBR
16367.986,86539.722,DEU,USA
4426.018999999999,3702.1530000000002,HUN,AUT
1698.134,6767.179,HUN,BEL
1086.163,3391.3830000000003,HUN,CAN
451.199,2607.261,HUN,CHN
40737.613,32433.205,HUN,CZE
922.084,1319.326,HUN,FIN
7141.213,9665.801,HUN,FRA
22707.338,17786.291,HUN,DEU
593.9549999999999,592.9390000000001,HUN,IRL
1680.309,1880.198,HUN,ITA
307.70300000000003,1733.8609999999999,HUN,JPN
1777.2930000000001,1732.222,HUN,LTU
301.533,1293.412,HUN,NLD
842.125,1895.8490000000002,HUN,NOR
2433.223,4800.844999999999,HUN,POL
4654.941,5293.365,HUN,ROU
158.147,409.49600000000004,HUN,RUS
30659.468,21425.835,HUN,SVK
2643.171,4492.085,HUN,SWE
425.005,896.014,HUN,CHE
135.113,234.731,HUN,UKR
10551.479,18666.734,HUN,GBR
665.005,4106.406,HUN,USA
13317.731,80076.853,ITA,AUS
49859.623,152153.333,ITA,AUT
68574.817,232899.67,ITA,BEL
9836.963,39981.266,ITA,BRA
72068.348,429184.01,ITA,CAN
17999.31,108203.776,ITA,CHN
42647.806000000004,106407.113,ITA,CZE
40407.66,162640.99,ITA,DNK
10790.232,51881.176999999996,ITA,FIN
92421.49100000001,320902.809,ITA,FRA
546315.23,1266339.393,ITA,DEU
15263.126,51804.193,ITA,IRL
414.78499999999997,1063.541,ITA,CIV
40407.278,199645.58800000002,ITA,JPN
8312.764,62156.275,ITA,KOR
26557.816,83777.666,ITA,LTU
17060.91,56651.695,ITA,MEX
61348.575,259571.113,ITA,NLD
24559.596,120921.491,ITA,NOR
36846.249,134544.389,ITA,POL
7642.1849999999995,19092.923,ITA,PRT
10216.697,40715.017,ITA,ROU
50254.031,171491.351,ITA,RUS
11228.497,33911.661,ITA,SVK
42211.705,190323.826,ITA,SWE
71798.714,483197.864,ITA,CHE
21325.537,64656.878,ITA,UKR
273428.253,1065160.049,ITA,GBR
337550.905,2001563.219,ITA,USA
525.111,1261,LTU,POL
69211.7,211379.50100000002,LTU,RUS
184.78,664.78,LTU,UKR
347.337,608.044,LTU,USA
212.925,324.30400000000003,MDA,BEL
4112.868,4401.679,MDA,CAN
2160.221,4893.938,MDA,CHN
5867.416,8881.983,MDA,CZE
517.8870000000001,457.877,MDA,DNK
1849.9260000000002,1843.08,MDA,FRA
865.585,1988.645,MDA,DEU
245.351,678.108,MDA,CIV
220.925,587.774,MDA,JPN
133.775,589.497,MDA,KOR
586.045,814.7149999999999,MDA,LTU
1806.2060000000001,4125.662,MDA,NLD
4948.491,8732.376,MDA,POL
13638.758,34780.48,MDA,ROU
2542.338,3594.656,MDA,RUS
845.538,1431.262,MDA,SVK
1950.827,3629.544,MDA,UKR
4497.326,4543.488,MDA,GBR
1230.114,5645.901,MDA,USA
56766.407999999996,228587.578,NZL,AUS
1897.146,9122.26,NZL,BEL
12274.756,87526.127,NZL,CAN
2765.393,24139.889,NZL,CHN
156.304,634.928,NZL,CZE
1628.095,9628.375,NZL,DNK
259.491,1516.2630000000001,NZL,FIN
2999.865,19711.305,NZL,FRA
9834.122,35822.599,NZL,DEU
4000.943,23956.3,NZL,IRL
160.449,284.266,NZL,ITA
1333.9029999999998,11031.173,NZL,JPN
2002.1570000000002,15047.902,NZL,KOR
3032.02,16076.117,NZL,NLD
1060.9,5259.034,NZL,NOR
908.611,4081.931,NZL,POL
127.31400000000001,684.6940000000001,NZL,SVK
1430.032,8753.523,NZL,SWE
317.826,1874.941,NZL,CHE
710.925,1828.361,NZL,UKR
70213.926,322048.803,NZL,GBR
98634.865,550982.7459999999,NZL,USA
1007.513,3761.2039999999997,PRT,AUS
489.065,2780.5240000000003,PRT,AUT
10803.085,37815.538,PRT,BEL
25231.725000000002,76534.682,PRT,BRA
12127.712,51734.465000000004,PRT,CAN
2177.69,8745.692,PRT,CHN
650.4,2937.855,PRT,CZE
5250.455999999999,25985.354,PRT,DNK
4759.504,12474.805,PRT,FIN
32359.32,107067.773,PRT,FRA
19777.73,56298.137,PRT,DEU
2597.632,7876.568,PRT,IRL
2532.993,10812.77,PRT,ITA
163.715,431.51,PRT,CIV
1919.364,8929.795,PRT,JPN
760.408,5750.804,PRT,KOR
8540.459,21086.706,PRT,LTU
552.1659999999999,2480.8469999999998,PRT,MEX
14610.599999999999,56144.868,PRT,NLD
4372.03,16025.582,PRT,NOR
16400.024999999998,40795.006,PRT,POL
975.187,3862.1169999999997,PRT,ROU
5684.045,12636.527,PRT,RUS
7476.465,24467.205,PRT,SWE
9893.931999999999,40403.191,PRT,CHE
1832.692,4812.574,PRT,UKR
25889.863,113455.293,PRT,GBR
23490.11,119197.505,PRT,USA
288.626,1278.169,ZAF,AUS
120.919,705.09,ZAF,AUT
16873.137000000002,25003.082000000002,ZAF,BEL
535.884,1853.725,ZAF,BRA
16701.5,32489.233,ZAF,CAN
6988.741,17503.559,ZAF,CHN
1120.442,1742.635,ZAF,CZE
14792.938,24499.457,ZAF,DNK
3992.59,5840.9000000000005,ZAF,FIN
16387.536,14648.345,ZAF,FRA
45311.069,49153.39,ZAF,DEU
708.041,2375.498,ZAF,IRL
119.637,233.02900000000002,ZAF,CIV
2080.3160000000003,7847.476,ZAF,JPN
466.19899999999996,1844.197,ZAF,KOR
18828.641,44615.132000000005,ZAF,NLD
1592.369,5274.675,ZAF,NOR
1107.295,3166.302,ZAF,POL
127.339,779.476,ZAF,PRT
1523.538,3681.426,ZAF,RUS
12735.859,26475.39,ZAF,SWE
2331.6220000000003,6866.9130000000005,ZAF,CHE
219.37,1308.493,ZAF,UKR
94396.413,153326.39800000002,ZAF,GBR
12017.18,41032.271,ZAF,USA
2272.871,11234.671,ESP,AUS
2983.575,11060.931999999999,ESP,AUT
57410.579999999994,113508.491,ESP,BEL
10014.311,31060.272999999997,ESP,BRA
25427.59,119714.177,ESP,CAN
22255.025999999998,66530.008,ESP,CHN
17625.746,17251.321,ESP,CZE
26172.46,70565.835,ESP,DNK
12750.7,28243.876,ESP,FIN
415850.299,266575.161,ESP,FRA
429963.832,420161.332,ESP,DEU
9576.972,33697.045,ESP,IRL
163160.206,102240.18000000001,ESP,ITA
68720.195,40770.48,ESP,CIV
41264.401,106776.297,ESP,JPN
12332.33,29423.962,ESP,KOR
20760.477,42763.281,ESP,LTU
26394.935,83430.67,ESP,MEX
85905.406,171703.01700000002,ESP,NLD
8800.918,37222.697,ESP,NOR
24473.673,43626.825000000004,ESP,POL
262599.689,143143.725,ESP,PRT
15506.48,11867.185,ESP,ROU
15524.032000000001,28188.397,ESP,RUS
5352.289,4938.537,ESP,SVK
30631.688,94129.473,ESP,SWE
29577.164,149090.696,ESP,CHE
9942.213,20293.072,ESP,UKR
141556.874,422380.77599999995,ESP,GBR
63518.485,365103.186,ESP,USA
1588.816,10212.092,USA,AUS
357.53,3131.047,USA,AUT
3415.936,6768.071,USA,BEL
247.77,2022.915,USA,BRA
52484.923,424791.06,USA,CAN
5249.771,59166.284,USA,CHN
122.461,908.0029999999999,USA,CZE
14113.133,57874.153,USA,DNK
1960.156,5293.182,USA,FIN
7225.226,71033.261,USA,FRA
18196.138,47205.615,USA,DEU
2462.188,13395.768,USA,IRL
554.7280000000001,2412.211,USA,ITA
9281.761,121873.953,USA,JPN
5460.352999999999,78435.78,USA,KOR
4193.463,22859.313000000002,USA,MEX
3428.9829999999997,18452.946,USA,NLD
5534.626,22896.357,USA,NOR
5577.848,27529.631999999998,USA,POL
6720.137,35265.132,USA,SWE
2412.446,10169.169,USA,CHE
190.477,1085.1599999999999,USA,UKR
55130.372,174190.781,USA,GBR
